yourId,addressString,expectedMatchPrecision,expectedFullAddress,expectedFaults,exampleNeeded,parcelPoint
civicAddressWithCivicNumber,"525 Superior St Victoria BC",CIVIC_NUMBER,"525 Superior St, Victoria, BC",[],F,SRID=4326;POINT(-123.370780 48.417926)
civicAddressWithCivicNumberSuffix,"4251A Rockbank Pl West Vancouver BC",CIVIC_NUMBER,"4251A Rockbank Pl, West Vancouver, BC",[],F,
civicAddressWithOrdinalCivicNumberSuffix,"749E Lakeview Arrow Creek Rd Wynndel BC",CIVIC_NUMBER,"749E Lakeview Arrow Creek Rd, Wynndel, BC",[],F,
civicAddressWithStreetDirection,"456 Gorge Rd E Victoria BC",CIVIC_NUMBER,"456 Gorge Rd E, Victoria, BC",[],F,
civicAddressWithoutStreetDirection,"1804 Cedar Dr Squamish BC",CIVIC_NUMBER,"1804 Cedar Dr, Squamish, BC",[],F,
civicAddressWithPrefixStreetDirection,"2050 SW Marine Dr Vancouver BC",CIVIC_NUMBER,"2050 SW Marine Dr, Vancouver, BC",[],F,
civicAddressWithStreetNameContainingDirectionWord,"947 North Park St Victoria BC",CIVIC_NUMBER,"947 North Park St, Victoria, BC",[],F,
CivicAddressWithAbbreviatedStreetName,"Stelly's X Rd Central Saanich BC",STREET,"Stelly's Cross Rd, Central Saanich, BC",[],F,
CivicAddressWithAbbreviatedStreetName,"3928 Cedar Hill X Rd Saanich BC",STREET,"3928 Cedar Hill Cross Rd, Saanich, BC",[],F,
CivicAddressWithAbbreviatedLocalityName,"7495 Columbia Ave Radium Hot Sprgs BC",STREET,"7495 Columbia Ave, Radium Hot Springs, BC",[],F,
civicAddressWithoutProvinceCode,"2050 SW Marine Dr Vancouver",CIVIC_NUMBER,"2050 SW Marine Dr, Vancouver, BC",[PROVINCE.missing:1],F,
civicAddressWithProvinceCode,"2050 SW Marine Dr Vancouver British Columbia",CIVIC_NUMBER,"2050 SW Marine Dr, Vancouver, BC",[],F,
civicAddressWithoutUnit,"10372 99 St Taylor BC",CIVIC_NUMBER,"10372 99th St, Taylor, BC",[],F,
civicAddressWithUnitWithoutUnitDesignator,"170 - 22470 Dewdney Trunk Rd, Maple Ridge, BC",UNIT,"UNIT 170 -- 22470 Dewdney Trunk Rd, Maple Ridge, BC",[UNIT_DESIGNATOR.missing:0],F,
civicAddressWithUnitAfterStreetType,"22470 Dewdney Trunk Rd Unit 170 Maple Ridge BC",UNIT,"UNIT 170 -- 22470 Dewdney Trunk Rd, Maple Ridge, BC",[],F,
civicAddressWithUnitBeforeCivicNumber,"Unit 170 -- 22470 Dewdney Trunk Rd, Maple Ridge, BC",UNIT,"UNIT 170 -- 22470 Dewdney Trunk Rd, Maple Ridge, BC",[],F,
civicAddressWithUnitBeforeCivicNumberandWithoutFrontGate,"Unit 170 22470 Dewdney Trunk Rd, Maple Ridge, BC",UNIT,"UNIT 170 -- 22470 Dewdney Trunk Rd, Maple Ridge, BC",[],F,
civicAddressWithUnitandUnknownSiteName,"Douglas College Unit 170 -- 22470 Dewdney Trunk Rd, Maple Ridge, BC",UNIT,"UNIT 170 DOUGLAS COLLEGE -- 22470 Dewdney Trunk Rd, Maple Ridge, BC",[SITE_NAME.notMatched],F,
civicAddressWithSiteName,"Anahim Lake Airport -- Anahim Lake BC",SITE,"Anahim Lake Airport -- Anahim Lake, BC",[],F,
civicAddressWithPartialSiteName,"Anahim -- Anahim Lake BC",CIVIC_NUMBER,"Anahim -- Anahim Lake, BC",[SITE_NAME.partialMatch:5],F,
civicAddressWithSiteNameAndMissingCivicNumber,need example,CIVIC_NUMBER,need example,[CIVIC_NUMBER.missing:10],T,
civicAddressWithNumberForStreetName,"4216 E 51 Ave Fort Nelson BC",CIVIC_NUMBER,"4216 51st Ave E, Fort Nelson, BC",[],F,
civicAddressWithUnitNumberSuffix,"101A - 1413 Sunshine Coast Hwy Gibsons BC",UNIT,"UNIT 101A -- 1413 Sunshine Coast Hwy, Gibsons, BC",[],F,
CivicNumberWithHighwayStreetName,"4390 Highway 33 Beaverdell BC",CIVIC_NUMBER,"4390 Hwy 33, Beaverdell, BC",[],F,
CivicAddressWithoutProvinceCode,"525 Superior St Victoria",CIVIC_NUMBER,"525 Superior St, Victoria, BC",[PROVINCE.missing:1],F,
CivicAddressWithoutLocality,"525 Superior St BC",CIVIC_NUMBER,"525 Superior St, Victoria, BC",[LOCALITY.missing:10],F,
CivicAddressWithoutStreetName,"Kamloops bc",LOCALITY,"Kamloops, BC",[],F,
CivicAddressWithoutStreetType,"661A Market Vancouver BC",CIVIC_NUMBER,"661A Market Hill, Vancouver, BC",[STREET_TYPE.missing:6],F,
CivicAddressWithoutStreetDirection,"456 Gorge Rd Victoria BC",CIVIC_NUMBER,"456 Gorge Rd E, Victoria, BC",[STREET_DIRECTION.missing:2],F,
CivicAddressWithoutCivicNumber,"Superior St Victoria BC",STREET,"Superior St, Victoria, BC",[],F,
CivicAddressWithoutUnitDesignator,"2 -- 1359 Porlier Pass Rd Galiano Island BC",UNIT,"UNIT 2 -- 1359 Porlier Pass Rd, Galiano Island, BC",[UNIT_DESIGNATOR.missing:0],F,
CivicAddressWithoutUnitDesignator,"2 - 1359 Porlier Pass Rd Galiano Island BC",UNIT,"UNIT 2 -- 1359 Porlier Pass Rd, Galiano Island, BC",[UNIT_DESIGNATOR.missing:0],F,
CivicAddressWithoutUnitDesignator,"2 1359 Porlier Pass Rd Galiano Island BC",UNIT,"UNIT 2 -- 1359 Porlier Pass Rd, Galiano Island, BC",[UNIT_DESIGNATOR.missing:0],F,
CivicAddressWithoutUnitDesignator,"1359 Porlier Pass Rd 2 Galiano Island BC",CIVIC_NUMBER,"1359 Porlier Pass Rd, Galiano Island, BC",[UNRECOGNIZED.notAllowed:33],F,
CivicAddressWithoutUnitNumber,"Unit -- 1359 Porlier Pass Rd Galiano Island BC",CIVIC_NUMBER,"UNIT -- 1359 Porlier Pass Rd, Galiano Island, BC",[UNIT_DESIGNATOR.notMatched:1],F,
CivicAddressWithoutUnitNumber,"1359 Porlier Pass Rd APT Galiano Island BC",CIVIC_NUMBER,"APT -- 1359 Porlier Pass Rd, Galiano Island, BC",[UNIT_DESIGNATOR.notMatched:1],F,
CivicAddressWithoutLocalityProvinceCode,3520 WENTWORTH AVE,CIVIC_NUMBER,"3520 Wentworth Ave, West Vancouver, BC","[LOCALITY.missing:10 PROVINCE.missing:1]",F,
CivicAddressWithUnitAttachedToCivicNumber,"104490 Lorne St Kamloops bc",STREET,"Lorne St, Kamloops, BC",[CIVIC_NUMBER.notInAnyBlock:10],F,
CivicAddressWithNonNumeric CivicNumber,"A Main St  West Vancouver BC",LOCALITY,"West Vancouver, BC","[STREET_NAME.notMatched:12 MAX_RESULTS.too_low_to_include_all_best_matches:0]",F,
CivicAddressSwappedCharactersInSiteName,"Anhaim Lake Airport -- Anahim Lake BC",SITE,"Anahim Lake Airport -- Anahim Lake, BC",[SITE_NAME.spelledWrong:2],F,
CivicAddressSwappedCharactersInStreetName,"30 Frith Cres Mackenzie BC",CIVIC_NUMBER,"30 Firth Cres, Mackenzie, BC",[STREET_NAME.spelledWrong:2],F,
CivicAddressSwappedCharactersInLocality,"30 Firth Cres Mackenzei BC",CIVIC_NUMBER,"30 Firth Cres, Mackenzie, BC",[LOCALITY.spelledWrong:2],F,
CivicAddressSwappedCharactersInStreetNameLocality,"30 Firht Cres Macknezie BC",CIVIC_NUMBER,"30 Firth Cres, Mackenzie, BC","[STREET_NAME.spelledWrong:2 LOCALITY.spelledWrong:2]",F,
CivicAddressWrongCharacterInSiteName,"Anachim Lake Airport -- Anahim Lake BC",SITE,"Anahim Lake Airport -- Anahim Lake, BC",[SITE_NAME.spelledWrong:1],F,
CivicAddressWrongCharacterInStreetName,"30 Fifth Cres Mackenzie BC",CIVIC_NUMBER,"30 Firth Cres, Mackenzie, BC",[STREET_NAME.spelledWrong:2],F,
CivicAddressWrongCharacterInLocality,"30 Firth Cres Mackensie BC",CIVIC_NUMBER,"30 Firth Cres, Mackenzie, BC",[LOCALITY.spelledWrong:2],F,
CivicAddressMissingWordInSiteName,"Anahim Airport -- Anahim Lake BC",SITE,"Anahim Lake Airport -- Anahim Lake, BC",[SITE_NAME.partialMatch:2],F,
CivicAddressWrongWordInStreetName,"6006 Happy Hilltop RD Summerland BC",CIVIC_NUMBER,"6006 Happy Valley Rd, Summerland, BC","[UNRECOGNIZED.notAllowed:33 STREET_NAME.partialMatch:1]",F,
CivicAddressMissingCharactersInSiteName,"Anahi Lake Airport -- Anahim Lake BC",SITE,"Anahim Lake Airport -- Anahim Lake, BC",[SITE_NAME.spelledWrong:1],F,
CivicAddressWrongWordInStreetName,"Community Center Rd Grand Forks BC",STREET,"Community Centre Rd, Grand Forks, BC",[STREET_NAME.spelledWrong:2],F,
CivicAddressMissingCharactersInStreetName,"30 Frth Cres Mackenzie BC",CIVIC_NUMBER,"30 Firth Cres, Mackenzie, BC",[STREET_NAME.spelledWrong:2],F,
CivicAddressMissingCharactersInLocality,"30 Firth Cres Mckenzie BC",CIVIC_NUMBER,"30 Firth Cres, Mackenzie, BC",[LOCALITY.spelledWrong:2],F,
CivicAddressWrongAbbreviationInLocality,"2908 Hwy 99 Mot Currie BC",CIVIC_NUMBER,"2908 Hwy 99, Mount Currie, BC","[UNRECOGNIZED.notAllowed:33 LOCALITY.notMatched:35]",T,
CivicAddressWrongProvinceCode,"30 Firth Cres Mackenzie AB",CIVIC_NUMBER,"30 Firth Cres, Mackenzie, BC",[PROVINCE.notMatched:1],F,
CivicAddressWrongLocality,952 COMOX AVE PRINCE GEORGE BC,CIVIC_NUMBER,"952 Comox Ave, Prince Rupert, BC",[LOCALITY.notMatched:35],F,
CivicAddressWrongStreetType,952 COMOX ST PRINCE RUPERT BC,CIVIC_NUMBER,"952 Comox Ave, Prince Rupert, BC",[STREET_TYPE.notMatched:3],F,
CivicAddressWrongStreetDirection,"456 Gorge Rd W Victoria",CIVIC_NUMBER,"456 Gorge Rd E, Victoria, BC","[STREET_DIRECTION.notMatched:2 PROVINCE.missing:1]",F,
CivicAddressWrongStreetName,952 CLOROX AVE PRINCE RUPERT BC,BLOCK,"952 Prince Rupert Blvd, Prince Rupert, BC","[UNRECOGNIZED.notAllowed:33 LOCALITY.missing:10 STREET_TYPE.notMatched:3]",F,
CivicAddressWithMisplacedStreetDirection,"4216 E 51 Ave Fort Nelson BC",CIVIC_NUMBER,"4216 51 Ave E, Fort Nelson, BC",[STREET_DIRECTION.notPrefix:0],F,
CivicAddressWithMisplacedStreetDirection,"2186 Marine Dr SW Vancouver BC",CIVIC_NUMBER,"2186 SW Marine Dr, Vancouver, BC",[STREET_DIRECTION.notSuffix:0],F,
CivicAddressWithMisplacedStreetType,"2288 Hwy Old Cariboo Prince George BC",CIVIC_NUMBER,"2288 Old Cariboo Hwy, Prince George, BC",[STREET_TYPE.notPrefix:0],F,
CivicAddressWithMisplacedStreetType,"2288 Hwy Old Cariboo Hwy Prince George BC",CIVIC_NUMBER,"2288 Old Cariboo Hwy, Prince George, BC","[UNRECOGNIZED.notAllowed:33 STREET_TYPE.notPrefix:0]",F,
CivicAddressWithMisplacedStreetType,"12621 99 Hwy Lillooet BC",CIVIC_NUMBER,"12621 Hwy 99, Lillooet, BC",[STREET_TYPE.notSuffix:0],F,
CivicAddressWithMisplacedStreetTypeAndStreetDirection,"12621 99 Hwy N Lillooet BC",CIVIC_NUMBER,"12621 Hwy 99, Lillooet, BC","[STREET_DIRECTION.notMatchedInHighway:0 STREET_TYPE.notSuffix:0]",F,
CivicAddressWithUnneededStreetDirectionOnHighway,"12621 Hwy 99 N Lillooet BC",CIVIC_NUMBER,"12621 Hwy 99, Lillooet, BC",[STREET_DIRECTION.notMatchedInHighway:0],F,
CivicAddressWithUnneededStreetDirectionOnHighway,"8930 Cariboo Hwy S Pineview FFG BC",CIVIC_NUMBER,"8930 Cariboo Hwy S, Pineview FFG, BC",[STREET_DIRECTION.notMatchedInHighway:0],F,
CivicAddressWithMisplacedStreetTypeandUnneededStreetDirectionOnHighway,"12621 99 Hwy N Lillooet BC",CIVIC_NUMBER,"12621 Hwy 99, Lillooet, BC","[STREET_DIRECTION.notMatchedInHighway:0 STREET_TYPE.notSuffix:0]",F,
CivicAddressWithMisplacedStreetTypeandUnneededStreetDirectionOnHighway,"8930 Hwy Cariboo S Pineview FFG BC",CIVIC_NUMBER,"8930 Cariboo Hwy S, Pineview FFG, BC","[STREET_DIRECTION.notMatchedInHighway:0 STREET_TYPE.notPrefix:0]",F,
CivicAddressUnknownLocality,"626 Lindley Dr Leftbank bc ",CIVIC_NUMBER,"626 Lindley Dr, West Kelowna, BC","[UNRECOGNIZED.notAllowed:33 LOCALITY.missing:10]",F,
CivicAddressUnknownStreetDirection,"456 Gorge Rd WN Victoria BC",CIVIC_NUMBER,"456 Gorge Rd E, Victoria, BC","[UNRECOGNIZED.notAllowed:33 STREET_DIRECTION.missing:2]",F,
CivicAddressUnknownStreetType,"561 60 Roseway SE Salmon Arm BC ",CIVIC_NUMBER,"561 60 St SE, Salmon Arm, BC","[UNRECOGNIZED.notAllowed:33 STREET_TYPE.missing:6]",F,
CivicAddressUnknownStreetName,"561 Gruffle St SE Salmon Arm BC",BLOCK,"561 Salmon Rd, Central Saanich, BC","[UNRECOGNIZED.notAllowed:33 LOCALITY.missing:10 STREET_DIRECTION.notMatched:2 STREET_TYPE.notMatched:3 STREET_QUALIFIER.notMatched:1 MAX_RESULTS.too_low_to_include_all_best_matches:0]",F,
CivicAddressUnknownCivicNumber,"60000 Hwy 97B SE Salmon Arm BC",STREET,"Hwy 97B SE, Salmon Arm, BC",[CIVIC_NUMBER.notInAnyBlock:10],F,
CivicAddressUnknownUnitDescriptor,"Abode 116 195 Chamberlain Cres Tumbler Ridge BC",UNIT,"UNIT 116 -- 195 Chamberlain Cres, Tumbler Ridge, BC","[UNRECOGNIZED.notAllowed:33 UNIT_DESIGNATOR.missing:0]",F,
CivicAddressStreetDirectionForUndirectedStreet,"109 Quarry Dr W Salt Spring Island BC",CIVIC_NUMBER,"109 Quarry Dr, Salt Spring Island, BC",[STREET_DIRECTION.notMatched:2],F,
CivicAddressWithMailBagAtEnd,"525 Superior St, Victoria, BC MAILBAG 300",CIVIC_NUMBER,"525 Superior St, Victoria, BC",[POSTAL_ADDRESS_ELEMENT.notAllowed:1],F,
CivicAddressWithMailBagAfterStreet,"525 Superior St MAILBAG 300 Victoria BC",CIVIC_NUMBER,"525 Superior St, Victoria, BC",[POSTAL_ADDRESS_ELEMENT.notAllowed:1],F,
CivicAddressWithBagAtEnd,"525 Superior St, Victoria, BC BAG 300",CIVIC_NUMBER,"525 Superior St, Victoria, BC",[POSTAL_ADDRESS_ELEMENT.notAllowed:1],F,
CivicAddressWithBagAfterStreet,"525 Superior St BAG 300 Victoria BC",CIVIC_NUMBER,"525 Superior St, Victoria, BC",[POSTAL_ADDRESS_ELEMENT.notAllowed:1],F,
CivicAddressWithLcdAtEnd,"525 Superior St, Victoria, BC LCD 300",CIVIC_NUMBER,"525 Superior St, Victoria, BC",[POSTAL_ADDRESS_ELEMENT.notAllowed:1],F,
CivicAddressWithLcdAfterStreet,"525 Superior St LCD 300 Victoria BC",CIVIC_NUMBER,"525 Superior St, Victoria, BC",[POSTAL_ADDRESS_ELEMENT.notAllowed:1],F,
CivicAddressWithPostalCodeAtEnd,"525 Superior St, Victoria, BC V8W9V3",CIVIC_NUMBER,"525 Superior St, Victoria, BC",[POSTAL_ADDRESS_ELEMENT.notAllowed:1],F,
CivicAddressWithPostalCodeAfterStreet,"525 Superior St V8W9V3 Victoria BC",CIVIC_NUMBER,"525 Superior St, Victoria, BC",[POSTAL_ADDRESS_ELEMENT.notAllowed:1],F,
CivicAddressWithRuralRouteAtEnd,"525 Superior St, Victoria, BC RR13",CIVIC_NUMBER,"525 Superior St, Victoria, BC",[POSTAL_ADDRESS_ELEMENT.notAllowed:1],F,
CivicAddressWithRuralRouteAfterStreet,"525 Superior St RR3 Victoria BC",CIVIC_NUMBER,"525 Superior St, Victoria, BC",[POSTAL_ADDRESS_ELEMENT.notAllowed:1],F,
CivicAddressWithRuralRouteStnAtEnd,"525 Superior St, Victoria, BC RR3 STN A",CIVIC_NUMBER,"525 Superior St, Victoria, BC",[POSTAL_ADDRESS_ELEMENT.notAllowed:1],F,
CivicAddressWithRuralRouteStnAfterStreet,"525 Superior St RR3 STN A Victoria BC",CIVIC_NUMBER,"525 Superior St, Victoria, BC",[POSTAL_ADDRESS_ELEMENT.notAllowed:1],F,
CivicAddressWithUnabbreviatedRuralRoute,"525 Superior St Rural Route 3 Victoria BC",CIVIC_NUMBER,"525 Superior St, Victoria, BC",[POSTAL_ADDRESS_ELEMENT.notAllowed:1],F,
CivicAddresswithPostBoxStnNoStreet,"PO BOX 283 STN A Victoria BC",LOCALITY,"Victoria, BC",[POSTAL_ADDRESS_ELEMENT.notAllowed:1],F,
CivicAddressWithPostBoxStnAtEnd,"525 Superior St PO BOX 283 STN A Victoria BC",CIVIC_NUMBER,"525 Superior St, Victoria, BC",[POSTAL_ADDRESS_ELEMENT.notAllowed:1],F,
CivicAddressWithPostBoxStnAfterStreet,"525 Superior St, Victoria, BC PO BOX 283 STN A",CIVIC_NUMBER,"525 Superior St, Victoria, BC",[POSTAL_ADDRESS_ELEMENT.notAllowed:1],F,
CivicAddresswithPostBoxNoStreet,"PO BOX 283 Victoria BC",LOCALITY,"Victoria, BC",[POSTAL_ADDRESS_ELEMENT.notAllowed:1],F,
CivicAddressWithPostBoxAtEnd,"525 Superior St PO BOX 283 Victoria BC",CIVIC_NUMBER,"525 Superior St, Victoria, BC",[POSTAL_ADDRESS_ELEMENT.notAllowed:1],F,
CivicAddressWithPostBoxAfterStreet,"525 Superior St, Victoria, BC PO BOX 283",CIVIC_NUMBER,"525 Superior St, Victoria, BC",[POSTAL_ADDRESS_ELEMENT.notAllowed:1],F,
CivicAddresswithBoxNoStreet,"BOX 283 Victoria BC",LOCALITY,"Victoria, BC",[POSTAL_ADDRESS_ELEMENT.notAllowed:1],F,
CivicAddressWithBoxAtEnd,"525 Superior St BOX 283 Victoria BC",CIVIC_NUMBER,"525 Superior St, Victoria, BC",[POSTAL_ADDRESS_ELEMENT.notAllowed:1],F,
CivicAddressWithBoxAfterStreet,"525 Superior St, Victoria, BC BOX 283",CIVIC_NUMBER,"525 Superior St, Victoria, BC",[POSTAL_ADDRESS_ELEMENT.notAllowed:1],F,
CivicAddressWithFloorDesignator,"FLR 2 1175 Douglas St Victoria BC",CIVIC_NUMBER,"FLR 2 -- 1175 Douglas St, Victoria, BC","[UNIT_DESIGNATOR.notMatched:1 UNIT_NUMBER.notMatched:1]",F,
CivicAddressWithReverseFloorDesignator,"2nd FLR 1175 Douglas St Victoria BC",CIVIC_NUMBER,"FLR 2 -- 1175 Douglas St, Victoria, BC","[UNIT_DESIGNATOR.notMatched:1 UNIT_NUMBER.notMatched:1]",F,
CivicAddressWithUnabbreviatedFloorDesignator,"Floor 2 1175 Douglas St Victoria BC",CIVIC_NUMBER,"FLR 2 -- 1175 Douglas St, Victoria, BC","[UNIT_DESIGNATOR.notMatched:1 UNIT_NUMBER.notMatched:1]",F,
CivicAddressWithReverseUnabbreviatedFloorDesignator,"2nd Floor 1175 Douglas St Victoria BC",CIVIC_NUMBER,"FLR 2 -- 1175 Douglas St, Victoria, BC","[UNIT_DESIGNATOR.notMatched:1 UNIT_NUMBER.notMatched:1]",F,
SimpleInterpolatedCivicAddress,"5742 Malibu Terr Nanaimo BC",BLOCK,"5742 Malibu Terr, Nanaimo, BC",[],F,
AdaptiveInterpolatedCivicAddress,"5686 Malibu Terr Nanaimo BC",BLOCK,"5686 Malibu Terr, Nanaimo, BC",[],F,
CivicAddressWithKnownCivicNumber,"525 Superior St, Victoria, BC",CIVIC_NUMBER,"525 Superior St, Victoria, BC",[],F,
CivicAddressWithKnownMainEntrance,"525 Superior St, Victoria, BC",STREET,"525 Superior St, Victoria, BC",[],T,
CivicAddressWithKnownParcelPoint,"5706 Malibu Terr Nanaimo BC",CIVIC_NUMBER,"5706 Malibu Terr, Nanaimo, BC",[],F,
CivicAddressWithKnownFrontDoorAndUnknownParcelPoint,BC,STREET,BC,"[UNRECOGNIZED.notAllowed:33 STREET_NAME.spelledWrong:2 LOCALITY.missing:10 STREET_TYPE.missing:6 PROVINCE.missing:1 MAX_RESULTS.too_low_to_include_all_best_matches:0]",T,
CivicAddressWithUnKnownFrontDoorAndKnownParcelPoint,"5712 Malibu Terr Nanaimo BC",CIVIC_NUMBER,"5712 Malibu Terr, Nanaimo, BC",[],F,
IntersectionAddressWithTwoStreetsInAscendingOrder,"douglas st and Victoria Rd Chemainus bc",INTERSECTION,"Douglas St and Private Rd and Victoria Rd, Chemainus, BC",[],F,
IntersectionAddressWithTwoStreetsInDescendingOrder,"Victoria Rd and douglas st Chemainus bc",INTERSECTION,"Douglas St and Private Rd and Victoria Rd, Chemainus, BC",[],F,
IntersectionAddressWithThreeStreets,"Douglas St and Gorge Rd E and Hillside Ave, Victoria, BC",INTERSECTION,"Douglas St and Gorge Rd E and Hillside Ave, Victoria, BC",[],F,
IntersectionAddressWithStreetDirection,"Davin St and Maddock Ave W Saanich BC",INTERSECTION,"Davin St and Maddock Ave W, Saanich, BC",[],F,
IntersectionAddressWithMissingStreetDirection,"Davin St and Maddock Ave Saanich BC",INTERSECTION,"Davin St and Maddock Ave W, Saanich, BC",[STREET_DIRECTION.missing:2],F,
IntersectionAddressWithoutStreetDirection,"Johnson st and begbie st Victoria bc",INTERSECTION,"Begbie St and Johnson St, Victoria, BC",[],F,
IntersectionAddressWithPrefixStreetDirection,"sw marine dr and W 48th ave Vancouver bc",INTERSECTION,"SW Marine Dr and W 48th Ave, Vancouver, BC",[],F,
IntersectionAddressWithMissingPrefixStreetDirection,"sw marine dr and 48th ave Vancouver bc",INTERSECTION,"SW Marine Dr and W 48th Ave, Vancouver, BC",[STREET_DIRECTION.missing:2],F,
IntersectionAddressWithPrefixStreetDirectionAndStreetNameContainingDirectionWord,BC,STREET,BC,"[UNRECOGNIZED.notAllowed:33 STREET_NAME.spelledWrong:2 LOCALITY.missing:10 STREET_TYPE.missing:6 PROVINCE.missing:1 MAX_RESULTS.too_low_to_include_all_best_matches:0]",T,
IntersectionAddressWithoutProvinceCode,"Pandora Ave and Blanshard St Victoria",INTERSECTION,"Blanshard St and Pandora Ave, Victoria, BC",[PROVINCE.missing:1],F,
IntersectionAddressWithProvinceName,"Pandora Ave and Blanshard St Victoria British Columbia",INTERSECTION,"Blanshard St and Pandora Ave, Victoria, BC",[],F,
IntersectionAddressWrongLocality,"gorge rd e and douglas st Saanich bc",INTERSECTION,"Douglas St and Gorge Rd E and Hillside Ave, Victoria, BC","[STREET_NAME.notMatched:12 LOCALITY.isAlias:4]",F,
IntersectionAddressWrongStreetType,"gorge st e and douglas st Victoria bc",INTERSECTION,"Douglas St and Gorge Rd E and Hillside Ave, Victoria, BC","[STREET_TYPE.notMatched:3 STREET_NAME.notMatched:12]",F,
IntersectionAddressWrongStreetDirection,"gorge rd w and douglas st Victoria bc",INTERSECTION,"Douglas St and Gorge Rd E and Hillside Ave, Victoria, BC","[STREET_DIRECTION.notMatched:2 STREET_NAME.notMatched:12]",F,
IntersectionAddressUnknownLocality,"gorge rd and douglas st bardville bc",INTERSECTION,"Douglas St and Gorge Rd E and Hillside Ave, Victoria, BC","[STREET_TYPE.notMatched:3 STREET_NAME.isAlias:1 STREET_NAME.spelledWrong:2 STREET_NAME.spelledWrong:2 LOCALITY.missing:10]",F,
IntersectionAddressUnknownStreetDirection,"gorge rd n and douglas st Victoria bc",INTERSECTION,"Douglas St and Gorge Rd E and Hillside Ave, Victoria, BC","[STREET_DIRECTION.notMatched:2 STREET_NAME.notMatched:12]",F,
IntersectionAddressStreetDirectionForUndirectedStreet,"Pandora Ave W and Blanshard St Victoria bc",INTERSECTION,"Blanshard St and Pandora Ave, Victoria, BC",[STREET_DIRECTION.notMatched:2],F,
CivicAddressNumberedStreetWithoutTH,"955 13 ave Valemont bc",CIVIC_NUMBER,"955 13th Ave, Valemount, BC",[LOCALITY.spelledWrong:2],F,
Street,"WELLS RD CHILLIWACK BC",STREET,"Wells Rd, Chilliwack, BC",[],F,
CivicAddressFailedInPast,"1090 marine dr port alice bc",CIVIC_NUMBER,"1090 Marine Dr, Port Alice, BC",[],F,
CivicAddressFailedInPast,"1772 CARIBOO HWY 70 MILE HOUSE BC",BLOCK,"1772 Cariboo Highway 97, 70 Mile House, BC",[STREET_NAME.isHighwayAlias:0],F,
CivicAddressFailedInPast,"3545 PR EDWARD ST VANCOUVER BC",BLOCK,"3545 Prince Edward St, Vancouver, BC",[],F,
CivicAddressFailedInPast,671D MARKET HILL VANCOUVER BC ,BLOCK,"671D Market Hill, Vancouver, BC",[],F,
CivicAddressFailedInPast,100 mile house BC,LOCALITY,"100 Mile House, BC",[],F,
CivicAddressFailedInPast,"WILLOW DRIVE 70 MILE HOUSE BC",STREET,"Willow Dr, 70 Mile House, BC",[],F,
CivicAddressFailedInPast,gorge and gorge,INTERSECTION,"Gorge Bridge and Gorge Bridge, Esquimalt, BC","[STREET_QUALIFIER.missing:1 LOCALITY.missing:10 PROVINCE.missing:1]",F,
CivicAddressFailedInPast,"Vancouver BC",LOCALITY,"Vancouver, BC",[],F,
CivicAddressNotInAnyAddressRange,"1 Commercial Dr Dease Lake BC",BLOCK,"1 Commercial Dr, Dease Lake, BC",[],F,
CivicAddressStreetNameNotPrimary,"1271 Winchester Rd Qualicum Beach ",CIVIC_NUMBER,"1271 Winchester Rd, Qualicum Beach, BC",[PROVINCE.missing:1],F,
CivicAddressWithHashCharacter,"#1-2145 PHILLIPS RD SOOKE BC",UNIT,"UNIT 1 -- 2145 Phillips Rd, Sooke, BC",[UNIT_DESIGNATOR.missing:0],F,
CivicAddressWithProvinceCode,"3010 Wood Ave Armstrong BC",CIVIC_NUMBER,"3010 Wood Ave, Armstrong, BC",[],F,
InterpolatedAccessPtOnEmptyBlock,"527 Superior St Victoria BC",BLOCK,"527 Superior St, Victoria, BC",[],F,
InterpolatedAccessPtOnBlockWithAccessPtSites,"388 Campbell St Duncan BC",BLOCK,"388 Campbell St, Duncan, BC",[],F,
InterpolatedAccessPtOnBlockWithParcelPtSites,"3484 Auchinachie Rd Duncan BC",BLOCK,"3484 Auchinachie Rd, Duncan, BC",[],F,
AccessPtForAccessPtSite,"30 Firth Cres Mackenzie BC",CIVIC_NUMBER,"30 Firth Cres, Mackenzie, BC",[],F,
AccessPtForHighAccuracyParcelPtSite,"3482 Auchinachie Rd Duncan BC",CIVIC_NUMBER,"3482 Auchinachie Rd, Duncan, BC",[],F,
AccessPtForMediumAccuracyParcelPtSite,"5670 Malibu Terr Nanaimo BC",CIVIC_NUMBER,"5670 Malibu Terr, Nanaimo, BC",[],F,
CivicAddressFailedInPast,"6006 Happy Valley Rd Summerland BC",CIVIC_NUMBER,"6006 Happy Valley Rd, Summerland, BC",[],F,
CivicAddressFailedInPast,"848 Esquimalt Rd Esquimalt BC",CIVIC_NUMBER,"848 Esquimalt Rd, Esquimalt, BC",[],F,
CivicAddressFailedInPast,"4390 Highway 33 Beaverdell BC",CIVIC_NUMBER,"4390 Hwy 33, Beaverdell, BC",[],F,
CivicAddressWithAbbreviatedStreetName,"Stelly's X Rd Central Saanich BC",STREET,"Stelly's Cross Rd, Central Saanich, BC",[],F,
CivicAddressInWrongLocation,"4427 Gaspardone Rd Kelowna BC",CIVIC_NUMBER,"4427 Gaspardone Rd, Kelowna, BC",[],F,
CivicAddressInWrongLocation,"4429 Gaspardone Rd Kelowna BC",CIVIC_NUMBER,"4429 Gaspardone Rd, Kelowna, BC",[],F,
CivicAddressWithUnescapedSpecialCharacter,"4429 Gaspardone\ Rd Kelowna BC",CIVIC_NUMBER,"4429 Gaspardone Rd, Kelowna, BC",[],F,
CivicAddressWithNegativeScore,Unit 7 7460 Lancaster Pike Hockessin DE,LOCALITY,"UNIT 7 -- Sooke, BC","[UNRECOGNIZED.notAllowed:33 UNIT_DESIGNATOR.notMatched:1 UNIT_NUMBER.notMatched:1 LOCALITY.notMatched:35 STREET_TYPE.missing:6 CIVIC_NUMBER.notInAnyBlock:10 PROVINCE.missing:1 MAX_RESULTS.too_low_to_include_all_best_matches:0]",F,
CivicAddressWithCivicNumberTreatedAsCivicNumberSuffix,650 South Terminal Ave nanaimo bc,CIVIC_NUMBER,"650 S Terminal Ave, Nanaimo, BC",[STREET_DIRECTION.notMatched:2],F,
NonCivicAddressWithKnownSiteName,"Anahim Lake Airport -- Anahim Lake BC",SITE,"Anahim Lake Airport -- Anahim Lake, BC",[],F,
NonCivicAddressWithKnownSiteNameAndMissingStreet,"Centennial Candle -- Victoria BC",SITE,"Centennial Candle -- Victoria, BC","[STREET_NAME.missing:10 STREET_TYPE.missing:6]",F,
NonCivicAddressWithKnownSiteNameandProvince,Anahim Lake Airport -- BC,SITE,"Anahim Lake Airport -- Anahim Lake, BC",[LOCALITY.missing:10],F,
NonCivicAddressWithHwyNameAlias,need example,SITE,need example,[STREET_NAME.isHighwayAlias:0],T,
CivicAddressWithFractionalCivicNumberSuffix,"535 1/2 Fisgard Street, Victoria, BC",CIVIC_NUMBER,"535 1/2 Fisgard Street, Victoria, BC",[CIVIC_NUMBER_SUFFIX.notMatched:1],F,
CivicAddressWithUTF-8FractionalCivicNumberSuffix,"535?รณ Fisgard Street, Victoria, BC",CIVIC_NUMBER,"535 1/2 Fisgard Street, Victoria, BC",[CIVIC_NUMBER_SUFFIX.notMatched:1],F,
NumberedStreetName,"857 E 45th Ave Vancouver BC",CIVIC_NUMBER,"857 E 45th Ave, Vancouver, BC",[],F,
NumberedStreetNameWithEmbeddedBlanks,"857 E 45 th Ave, Vancouver, BC",CIVIC_NUMBER,"857 E 45th Ave, Vancouver, BC",[],F,
StreetNameWithGluedWords,"2845 Cedarhill Rd, Victoria, BC",CIVIC_NUMBER,"2845 Cedar Hill Rd, Victoria, BC",[],F,
LocalityNameWithGluedWords,"206 E 15th St, Northvancouver, BC",CIVIC_NUMBER,"206 E 15th St, North Vancouver, BC",[],F,
SiteNameWithGluedWords,"AnahimLake Airport -- Anahim Lake, BC",SITE,"Anahim Lake Airport -- Anahim Lake, BC",[],F,
StreetNameWithMultipleSpellingMistakes,"Omineca St, Kitimat, BC",STREET,"Omenica St, Kitimat, BC",[],F,
LocalityNameWithMultipleSpellingMistakes,"Kittymatt, BC",LOCALITY,"Kitimat, BC",[],F,
SiteNameWithMultipleSpellingMistakes,"",SITE,"",[],F,

